{
	"credit": "Made with Blockbench",
	"texture_size": [64, 64],
	"textures": {
		"0": "custom/Stiel",
		"2": "custom/Kopf",
		"3": "custom/Kopf2",
		"4": "custom/Fuß",
		"5": "custom/Alk",
		"particle": "custom/Stiel"
	},
	"elements": [
		{
			"name": "Stiel",
			"from": [7, 1.3125, 7],
			"to": [9, 8.125, 9],
			"faces": {
				"north": {"uv": [0, 0, 2, 8.25], "texture": "#0"},
				"east": {"uv": [2, 0, 4, 8.25], "texture": "#0"},
				"south": {"uv": [4, 0, 6, 8.25], "texture": "#0"},
				"west": {"uv": [6, 0, 8, 8.25], "texture": "#0"},
				"up": {"uv": [10, 2, 8, 0], "texture": "#0"},
				"down": {"uv": [10, 2, 8, 4], "texture": "#0"}
			}
		},
		{
			"from": [4.9375, 0, 4.9375],
			"to": [11.0625, 0.25, 11.0625],
			"faces": {
				"north": {"uv": [7, 4.5, 8.5625, 4.5625], "texture": "#4"},
				"east": {"uv": [7, 4.75, 8.5625, 4.8125], "texture": "#4"},
				"south": {"uv": [6.25, 7, 7.8125, 7.0625], "texture": "#4"},
				"west": {"uv": [0, 7.25, 1.5625, 7.3125], "texture": "#4"},
				"up": {"uv": [3.3125, 1.5625, 1.75, 0], "texture": "#4"},
				"down": {"uv": [3.3125, 1.75, 1.75, 3.3125], "texture": "#4"}
			}
		},
		{
			"from": [4.75, -0.0625, 4.75],
			"to": [11.25, 0.0625, 11.25],
			"faces": {
				"north": {"uv": [7, 3.75, 8.625, 3.8125], "texture": "#4"},
				"east": {"uv": [7, 4, 8.625, 4.0625], "texture": "#4"},
				"south": {"uv": [7, 4.25, 8.625, 4.3125], "texture": "#4"},
				"west": {"uv": [4.5, 7, 6.125, 7.0625], "texture": "#4"},
				"up": {"uv": [1.625, 1.625, 0, 0], "texture": "#4"},
				"down": {"uv": [1.625, 1.75, 0, 3.375], "texture": "#4"}
			}
		},
		{
			"from": [5.125, 0, 5.125],
			"to": [10.875, 0.375, 10.875],
			"faces": {
				"north": {"uv": [6.5, 2, 7.9375, 2.125], "texture": "#4"},
				"east": {"uv": [2.25, 6.5, 3.6875, 6.625], "texture": "#4"},
				"south": {"uv": [6.5, 2.25, 7.9375, 2.375], "texture": "#4"},
				"west": {"uv": [6.5, 2.5, 7.9375, 2.625], "texture": "#4"},
				"up": {"uv": [1.4375, 4.9375, 0, 3.5], "texture": "#4"},
				"down": {"uv": [4.9375, 0, 3.5, 1.4375], "texture": "#4"}
			}
		},
		{
			"from": [5.25, 0, 5.25],
			"to": [10.75, 0.5, 10.75],
			"faces": {
				"north": {"uv": [1.5, 6.75, 2.875, 6.875], "texture": "#4"},
				"east": {"uv": [3, 6.75, 4.375, 6.875], "texture": "#4"},
				"south": {"uv": [6.75, 6.5, 8.125, 6.625], "texture": "#4"},
				"west": {"uv": [6.75, 6.75, 8.125, 6.875], "texture": "#4"},
				"up": {"uv": [2.875, 4.875, 1.5, 3.5], "texture": "#4"},
				"down": {"uv": [4.875, 1.5, 3.5, 2.875], "texture": "#4"}
			}
		},
		{
			"from": [5.5, 0, 5.5],
			"to": [10.5, 0.625, 10.5],
			"faces": {
				"north": {"uv": [6, 0.75, 7.25, 0.9375], "texture": "#4"},
				"east": {"uv": [6, 1, 7.25, 1.1875], "texture": "#4"},
				"south": {"uv": [6, 1.25, 7.25, 1.4375], "texture": "#4"},
				"west": {"uv": [6, 1.5, 7.25, 1.6875], "texture": "#4"},
				"up": {"uv": [4.25, 4.75, 3, 3.5], "texture": "#4"},
				"down": {"uv": [5.5, 3, 4.25, 4.25], "texture": "#4"}
			}
		},
		{
			"from": [5.75, 0, 5.75],
			"to": [10.25, 0.75, 10.25],
			"faces": {
				"north": {"uv": [6.25, 2.75, 7.375, 2.9375], "texture": "#4"},
				"east": {"uv": [6.25, 3, 7.375, 3.1875], "texture": "#4"},
				"south": {"uv": [6.25, 3.25, 7.375, 3.4375], "texture": "#4"},
				"west": {"uv": [6.25, 3.5, 7.375, 3.6875], "texture": "#4"},
				"up": {"uv": [5.375, 5.375, 4.25, 4.25], "texture": "#4"},
				"down": {"uv": [4.125, 4.75, 3, 5.875], "texture": "#4"}
			}
		},
		{
			"from": [6, 0, 6],
			"to": [10, 0.875, 10],
			"faces": {
				"north": {"uv": [6, 0, 7, 0.25], "texture": "#4"},
				"east": {"uv": [6, 0.25, 7, 0.5], "texture": "#4"},
				"south": {"uv": [6, 0.5, 7, 0.75], "texture": "#4"},
				"west": {"uv": [0.75, 6, 1.75, 6.25], "texture": "#4"},
				"up": {"uv": [1, 6, 0, 5], "texture": "#4"},
				"down": {"uv": [6, 0, 5, 1], "texture": "#4"}
			}
		},
		{
			"from": [6.25, 0, 6.25],
			"to": [9.75, 0.9375, 9.75],
			"faces": {
				"north": {"uv": [6, 1.75, 6.875, 2], "texture": "#4"},
				"east": {"uv": [2.75, 6, 3.625, 6.25], "texture": "#4"},
				"south": {"uv": [0.75, 6.25, 1.625, 6.5], "texture": "#4"},
				"west": {"uv": [2.75, 6.25, 3.625, 6.5], "texture": "#4"},
				"up": {"uv": [1.875, 5.875, 1, 5], "texture": "#4"},
				"down": {"uv": [5.875, 1, 5, 1.875], "texture": "#4"}
			}
		},
		{
			"from": [6.5, 0, 6.5],
			"to": [9.5, 1, 9.5],
			"faces": {
				"north": {"uv": [4.5, 6.25, 5.25, 6.5], "texture": "#4"},
				"east": {"uv": [6.25, 4.75, 7, 5], "texture": "#4"},
				"south": {"uv": [0.75, 6.5, 1.5, 6.75], "texture": "#4"},
				"west": {"uv": [1.5, 6.5, 2.25, 6.75], "texture": "#4"},
				"up": {"uv": [2.75, 5.75, 2, 5], "texture": "#4"},
				"down": {"uv": [5.75, 2, 5, 2.75], "texture": "#4"}
			}
		},
		{
			"from": [6.625, 0, 6.625],
			"to": [9.375, 1.0625, 9.375],
			"faces": {
				"north": {"uv": [7, 0, 7.6875, 0.25], "texture": "#4"},
				"east": {"uv": [7, 0.25, 7.6875, 0.5], "texture": "#4"},
				"south": {"uv": [7, 0.5, 7.6875, 0.75], "texture": "#4"},
				"west": {"uv": [1.5, 7, 2.1875, 7.25], "texture": "#4"},
				"up": {"uv": [6.1875, 3.4375, 5.5, 2.75], "texture": "#4"},
				"down": {"uv": [6.1875, 3.5, 5.5, 4.1875], "texture": "#4"}
			}
		},
		{
			"from": [6.75, 0.0625, 6.75],
			"to": [9.25, 1.125, 9.25],
			"faces": {
				"north": {"uv": [7, 1.75, 7.625, 2], "texture": "#4"},
				"east": {"uv": [2.25, 7, 2.875, 7.25], "texture": "#4"},
				"south": {"uv": [3, 7, 3.625, 7.25], "texture": "#4"},
				"west": {"uv": [3.75, 7, 4.375, 7.25], "texture": "#4"},
				"up": {"uv": [4.875, 6.125, 4.25, 5.5], "texture": "#4"},
				"down": {"uv": [6.125, 4.25, 5.5, 4.875], "texture": "#4"}
			}
		},
		{
			"from": [6.8125, 0.0625, 6.8125],
			"to": [9.1875, 1.1875, 9.1875],
			"faces": {
				"north": {"uv": [3.5, 3, 4.125, 3.3125], "texture": "#4"},
				"east": {"uv": [3.75, 6.25, 4.375, 6.5625], "texture": "#4"},
				"south": {"uv": [6.25, 3.75, 6.875, 4.0625], "texture": "#4"},
				"west": {"uv": [6.25, 4.25, 6.875, 4.5625], "texture": "#4"},
				"up": {"uv": [5.625, 6.125, 5, 5.5], "texture": "#4"},
				"down": {"uv": [2.625, 5.75, 2, 6.375], "texture": "#4"}
			}
		},
		{
			"from": [6.875, 0.0625, 6.875],
			"to": [9.125, 1.25, 9.125],
			"faces": {
				"north": {"uv": [4.5, 6.5, 5.0625, 6.8125], "texture": "#4"},
				"east": {"uv": [6.5, 5, 7.0625, 5.3125], "texture": "#4"},
				"south": {"uv": [5.25, 6.5, 5.8125, 6.8125], "texture": "#4"},
				"west": {"uv": [6.5, 5.5, 7.0625, 5.8125], "texture": "#4"},
				"up": {"uv": [6.3125, 2.5625, 5.75, 2], "texture": "#4"},
				"down": {"uv": [6.3125, 5, 5.75, 5.5625], "texture": "#4"}
			}
		},
		{
			"from": [6.9375, 0.0625, 6.9375],
			"to": [9.0625, 1.3125, 9.0625],
			"faces": {
				"north": {"uv": [6, 6.5, 6.5625, 6.8125], "texture": "#4"},
				"east": {"uv": [6.5, 6, 7.0625, 6.3125], "texture": "#4"},
				"south": {"uv": [0, 6.75, 0.5625, 7.0625], "texture": "#4"},
				"west": {"uv": [0.75, 6.75, 1.3125, 7.0625], "texture": "#4"},
				"up": {"uv": [6.3125, 6.3125, 5.75, 5.75], "texture": "#4"},
				"down": {"uv": [0.5625, 6, 0, 6.5625], "texture": "#4"}
			}
		},
		{
			"from": [5.8125, 9.75, 5.8125],
			"to": [10.1875, 9.9375, 10.1875],
			"faces": {
				"north": {"uv": [2.5, 12.5, 4.75, 12.625], "texture": "#2"},
				"east": {"uv": [5, 12.5, 7.25, 12.625], "texture": "#2"},
				"south": {"uv": [7.5, 12.5, 9.75, 12.625], "texture": "#2"},
				"west": {"uv": [10, 12.5, 12.25, 12.625], "texture": "#2"},
				"up": {"uv": [10.75, 2.25, 8.5, 0], "texture": "#2"},
				"down": {"uv": [4.75, 8.5, 2.5, 10.75], "texture": "#2"}
			}
		},
		{
			"from": [5.75, 9.9375, 5.75],
			"to": [10.25, 10.3125, 10.25],
			"faces": {
				"north": {"uv": [5, 12, 7.25, 12.25], "texture": "#2"},
				"east": {"uv": [7.5, 12, 9.75, 12.25], "texture": "#2"},
				"south": {"uv": [10, 12, 12.25, 12.25], "texture": "#2"},
				"west": {"uv": [0, 12.5, 2.25, 12.75], "texture": "#2"},
				"up": {"uv": [10.75, 4.75, 8.5, 2.5], "texture": "#2"},
				"down": {"uv": [7.25, 8.5, 5, 10.75], "texture": "#2"}
			}
		},
		{
			"from": [5.6875, 10.3125, 5.6875],
			"to": [10.3125, 10.8125, 10.3125],
			"faces": {
				"north": {"uv": [8, 11.5, 10.375, 11.75], "texture": "#2"},
				"east": {"uv": [10.5, 11.5, 12.875, 11.75], "texture": "#2"},
				"south": {"uv": [0, 12, 2.375, 12.25], "texture": "#2"},
				"west": {"uv": [2.5, 12, 4.875, 12.25], "texture": "#2"},
				"up": {"uv": [7.375, 8.375, 5, 6], "texture": "#2"},
				"down": {"uv": [9.875, 5, 7.5, 7.375], "texture": "#2"}
			}
		},
		{
			"from": [5.625, 10.8125, 5.625],
			"to": [10.375, 11.4375, 10.375],
			"faces": {
				"north": {"uv": [5.5, 11, 7.875, 11.375], "texture": "#2"},
				"east": {"uv": [8, 11, 10.375, 11.375], "texture": "#2"},
				"south": {"uv": [10.5, 11, 12.875, 11.375], "texture": "#2"},
				"west": {"uv": [5.5, 11.5, 7.875, 11.875], "texture": "#2"},
				"up": {"uv": [9.875, 9.875, 7.5, 7.5], "texture": "#2"},
				"down": {"uv": [2.375, 8.5, 0, 10.875], "texture": "#2"}
			}
		},
		{
			"from": [5.5, 12.25, 5.5],
			"to": [10.5, 13.5, 10.5],
			"faces": {
				"north": {"uv": [11, 0, 13.5, 0.625], "texture": "#2"},
				"east": {"uv": [11, 1, 13.5, 1.625], "texture": "#2"},
				"south": {"uv": [11, 2, 13.5, 2.625], "texture": "#2"},
				"west": {"uv": [3, 11, 5.5, 11.625], "texture": "#2"},
				"up": {"uv": [2.5, 8.5, 0, 6], "texture": "#2"},
				"down": {"uv": [8.5, 0, 6, 2.5], "texture": "#2"}
			}
		},
		{
			"from": [5.5625, 11.4375, 5.5625],
			"to": [10.4375, 12.25, 10.4375],
			"faces": {
				"north": {"uv": [11, 3, 13.5, 3.375], "texture": "#2"},
				"east": {"uv": [11, 3.5, 13.5, 3.875], "texture": "#2"},
				"south": {"uv": [11, 4, 13.5, 4.375], "texture": "#2"},
				"west": {"uv": [11, 4.5, 13.5, 4.875], "texture": "#2"},
				"up": {"uv": [5, 8.5, 2.5, 6], "texture": "#2"},
				"down": {"uv": [8.5, 2.5, 6, 5], "texture": "#2"}
			}
		},
		{
			"from": [5.4375, 13.5, 5.4375],
			"to": [10.5625, 15, 10.5625],
			"faces": {
				"north": {"uv": [10, 8, 12.625, 8.75], "texture": "#2"},
				"east": {"uv": [10, 9, 12.625, 9.75], "texture": "#2"},
				"south": {"uv": [10.5, 10, 13.125, 10.75], "texture": "#2"},
				"west": {"uv": [0, 11, 2.625, 11.75], "texture": "#2"},
				"up": {"uv": [2.625, 2.625, 0, 0], "texture": "#2"},
				"down": {"uv": [2.625, 3, 0, 5.625], "texture": "#2"}
			}
		},
		{
			"from": [5.375, 15, 5.375],
			"to": [10.625, 17, 10.625],
			"faces": {
				"north": {"uv": [10, 5, 12.625, 6], "texture": "#2"},
				"east": {"uv": [10, 6, 12.625, 7], "texture": "#2"},
				"south": {"uv": [10, 7, 12.625, 8], "texture": "#2"},
				"west": {"uv": [7.5, 10, 10.125, 11], "texture": "#2"},
				"up": {"uv": [5.625, 2.625, 3, 0], "texture": "#2"},
				"down": {"uv": [5.625, 3, 3, 5.625], "texture": "#2"}
			}
		},
		{
			"from": [5.875, 9.5625, 5.875],
			"to": [10.125, 9.75, 10.125],
			"faces": {
				"north": {"uv": [9.5, 3, 11.625, 3.125], "texture": "#3"},
				"east": {"uv": [9.5, 3.5, 11.625, 3.625], "texture": "#3"},
				"south": {"uv": [9.5, 4, 11.625, 4.125], "texture": "#3"},
				"west": {"uv": [9.5, 4.5, 11.625, 4.625], "texture": "#3"},
				"up": {"uv": [2.125, 2.125, 0, 0], "texture": "#3"},
				"down": {"uv": [2.125, 2.5, 0, 4.625], "texture": "#3"}
			}
		},
		{
			"from": [5.9375, 9.375, 5.9375],
			"to": [10.0625, 9.5625, 10.0625],
			"faces": {
				"north": {"uv": [5, 9.5, 7.125, 9.625], "texture": "#3"},
				"east": {"uv": [9.5, 5, 11.625, 5.125], "texture": "#3"},
				"south": {"uv": [9.5, 5.5, 11.625, 5.625], "texture": "#3"},
				"west": {"uv": [9.5, 6, 11.625, 6.125], "texture": "#3"},
				"up": {"uv": [4.625, 2.125, 2.5, 0], "texture": "#3"},
				"down": {"uv": [4.625, 2.5, 2.5, 4.625], "texture": "#3"}
			}
		},
		{
			"from": [6, 9.1875, 6],
			"to": [10, 9.375, 10],
			"faces": {
				"north": {"uv": [9.5, 6.5, 11.5, 6.625], "texture": "#3"},
				"east": {"uv": [9.5, 7, 11.5, 7.125], "texture": "#3"},
				"south": {"uv": [9.5, 7.5, 11.5, 7.625], "texture": "#3"},
				"west": {"uv": [9.5, 8, 11.5, 8.125], "texture": "#3"},
				"up": {"uv": [2, 7, 0, 5], "texture": "#3"},
				"down": {"uv": [7, 0, 5, 2], "texture": "#3"}
			}
		},
		{
			"from": [6.125, 9.0625, 6.125],
			"to": [9.875, 9.1875, 9.875],
			"faces": {
				"north": {"uv": [9.5, 8.5, 11.375, 8.625], "texture": "#3"},
				"east": {"uv": [9.5, 9, 11.375, 9.125], "texture": "#3"},
				"south": {"uv": [9.5, 9.5, 11.375, 9.625], "texture": "#3"},
				"west": {"uv": [10, 0, 11.875, 0.125], "texture": "#3"},
				"up": {"uv": [3.875, 6.875, 2, 5], "texture": "#3"},
				"down": {"uv": [6.875, 2, 5, 3.875], "texture": "#3"}
			}
		},
		{
			"from": [6.25, 8.9375, 6.25],
			"to": [9.75, 9.0625, 9.75],
			"faces": {
				"north": {"uv": [10, 0.5, 11.75, 0.625], "texture": "#3"},
				"east": {"uv": [10, 1, 11.75, 1.125], "texture": "#3"},
				"south": {"uv": [1.5, 10, 3.25, 10.125], "texture": "#3"},
				"west": {"uv": [10, 1.5, 11.75, 1.625], "texture": "#3"},
				"up": {"uv": [5.75, 6.75, 4, 5], "texture": "#3"},
				"down": {"uv": [7.75, 4, 6, 5.75], "texture": "#3"}
			}
		},
		{
			"from": [6.375, 8.8125, 6.375],
			"to": [9.625, 8.9375, 9.625],
			"faces": {
				"north": {"uv": [10, 2, 11.625, 2.125], "texture": "#3"},
				"east": {"uv": [10, 2.5, 11.625, 2.625], "texture": "#3"},
				"south": {"uv": [3.5, 10, 5.125, 10.125], "texture": "#3"},
				"west": {"uv": [5.5, 10, 7.125, 10.125], "texture": "#3"},
				"up": {"uv": [7.625, 7.625, 6, 6], "texture": "#3"},
				"down": {"uv": [1.625, 7, 0, 8.625], "texture": "#3"}
			}
		},
		{
			"from": [6.5, 8.6875, 6.5],
			"to": [9.5, 8.8125, 9.5],
			"faces": {
				"north": {"uv": [9.5, 10, 11, 10.125], "texture": "#3"},
				"east": {"uv": [0, 10.5, 1.5, 10.625], "texture": "#3"},
				"south": {"uv": [1.5, 10.5, 3, 10.625], "texture": "#3"},
				"west": {"uv": [3, 10.5, 4.5, 10.625], "texture": "#3"},
				"up": {"uv": [8.5, 1.5, 7, 0], "texture": "#3"},
				"down": {"uv": [8.5, 1.5, 7, 3], "texture": "#3"}
			}
		},
		{
			"from": [6.625, 8.5625, 6.625],
			"to": [9.375, 8.6875, 9.375],
			"faces": {
				"north": {"uv": [4.5, 10.5, 5.875, 10.625], "texture": "#3"},
				"east": {"uv": [6, 10.5, 7.375, 10.625], "texture": "#3"},
				"south": {"uv": [7.5, 10.5, 8.875, 10.625], "texture": "#3"},
				"west": {"uv": [9, 10.5, 10.375, 10.625], "texture": "#3"},
				"up": {"uv": [3.375, 8.375, 2, 7], "texture": "#3"},
				"down": {"uv": [4.875, 7, 3.5, 8.375], "texture": "#3"}
			}
		},
		{
			"from": [6.6875, 8.4375, 6.6875],
			"to": [9.3125, 8.5625, 9.3125],
			"faces": {
				"north": {"uv": [10.5, 10.5, 11.875, 10.625], "texture": "#3"},
				"east": {"uv": [0, 11, 1.375, 11.125], "texture": "#3"},
				"south": {"uv": [1.5, 11, 2.875, 11.125], "texture": "#3"},
				"west": {"uv": [3, 11, 4.375, 11.125], "texture": "#3"},
				"up": {"uv": [9.375, 4.375, 8, 3], "texture": "#3"},
				"down": {"uv": [9.375, 4.5, 8, 5.875], "texture": "#3"}
			}
		},
		{
			"from": [6.75, 8.3125, 6.75],
			"to": [9.25, 8.4375, 9.25],
			"faces": {
				"north": {"uv": [4.5, 11, 5.75, 11.125], "texture": "#3"},
				"east": {"uv": [6, 11, 7.25, 11.125], "texture": "#3"},
				"south": {"uv": [7.5, 11, 8.75, 11.125], "texture": "#3"},
				"west": {"uv": [9, 11, 10.25, 11.125], "texture": "#3"},
				"up": {"uv": [6.25, 9.25, 5, 8], "texture": "#3"},
				"down": {"uv": [9.25, 6, 8, 7.25], "texture": "#3"}
			}
		},
		{
			"from": [6.8125, 8.25, 6.8125],
			"to": [9.1875, 8.3125, 9.1875],
			"faces": {
				"north": {"uv": [11, 10, 12.25, 10.125], "texture": "#3"},
				"east": {"uv": [10.5, 11, 11.75, 11.125], "texture": "#3"},
				"south": {"uv": [0, 11.5, 1.25, 11.625], "texture": "#3"},
				"west": {"uv": [1.5, 11.5, 2.75, 11.625], "texture": "#3"},
				"up": {"uv": [7.75, 9.25, 6.5, 8], "texture": "#3"},
				"down": {"uv": [9.25, 7.5, 8, 8.75], "texture": "#3"}
			}
		},
		{
			"from": [6.875, 8.1875, 6.875],
			"to": [9.125, 8.25, 9.125],
			"faces": {
				"north": {"uv": [3, 11.5, 4.125, 11.625], "texture": "#3"},
				"east": {"uv": [4.5, 11.5, 5.625, 11.625], "texture": "#3"},
				"south": {"uv": [6, 11.5, 7.125, 11.625], "texture": "#3"},
				"west": {"uv": [11.5, 6.5, 12.625, 6.625], "texture": "#3"},
				"up": {"uv": [9.625, 1.125, 8.5, 0], "texture": "#3"},
				"down": {"uv": [9.625, 1.5, 8.5, 2.625], "texture": "#3"}
			}
		},
		{
			"from": [6.9375, 8.125, 6.9375],
			"to": [9.0625, 8.1875, 9.0625],
			"faces": {
				"north": {"uv": [11.5, 7, 12.625, 7.125], "texture": "#3"},
				"east": {"uv": [7.5, 11.5, 8.625, 11.625], "texture": "#3"},
				"south": {"uv": [11.5, 7.5, 12.625, 7.625], "texture": "#3"},
				"west": {"uv": [11.5, 8, 12.625, 8.125], "texture": "#3"},
				"up": {"uv": [3.125, 9.625, 2, 8.5], "texture": "#3"},
				"down": {"uv": [4.625, 8.5, 3.5, 9.625], "texture": "#3"}
			}
		},
		{
			"from": [6.9375, 8.125, 6.9375],
			"to": [9.0625, 8.1875, 9.0625],
			"faces": {
				"north": {"uv": [11.5, 8.5, 12.625, 8.625], "texture": "#3"},
				"east": {"uv": [9, 11.5, 10.125, 11.625], "texture": "#3"},
				"south": {"uv": [11.5, 9, 12.625, 9.125], "texture": "#3"},
				"west": {"uv": [11.5, 9.5, 12.625, 9.625], "texture": "#3"},
				"up": {"uv": [1.125, 10.125, 0, 9], "texture": "#3"},
				"down": {"uv": [9.125, 9, 8, 10.125], "texture": "#3"}
			}
		},
		{
			"from": [7.0625, 1, 7.1875],
			"to": [8.9375, 9, 8.8125],
			"faces": {
				"north": {"uv": [0, 5.5, 0.5, 7.5], "texture": "#5"},
				"east": {"uv": [5.5, 0, 6, 2], "texture": "#5"},
				"south": {"uv": [0.5, 5.5, 1, 7.5], "texture": "#5"},
				"west": {"uv": [1, 5.5, 1.5, 7.5], "texture": "#5"},
				"up": {"uv": [3.5, 3, 3, 2.5], "texture": "#5"},
				"down": {"uv": [6, 2, 5.5, 2.5], "texture": "#5"}
			}
		},
		{
			"from": [5.75, 10.3125, 5.875],
			"to": [10.25, 10.8125, 10.125],
			"faces": {
				"north": {"uv": [7.75, 5.75, 8.9375, 5.875], "texture": "#5"},
				"east": {"uv": [1.5, 8, 2.6875, 8.125], "texture": "#5"},
				"south": {"uv": [8, 1.75, 9.1875, 1.875], "texture": "#5"},
				"west": {"uv": [8, 2, 9.1875, 2.125], "texture": "#5"},
				"up": {"uv": [3.6875, 4.1875, 2.5, 3], "texture": "#5"},
				"down": {"uv": [4.9375, 2.5, 3.75, 3.6875], "texture": "#5"}
			}
		},
		{
			"from": [5.4375, 15, 5.5625],
			"to": [10.5625, 15.875, 10.4375],
			"faces": {
				"north": {"uv": [4.5, 6.25, 5.8125, 6.75], "texture": "#5"},
				"east": {"uv": [6.25, 5, 7.5625, 5.5], "texture": "#5"},
				"south": {"uv": [6.25, 5.5, 7.5625, 6], "texture": "#5"},
				"west": {"uv": [6, 6.25, 7.3125, 6.75], "texture": "#5"},
				"up": {"uv": [1.3125, 1.3125, 0, 0], "texture": "#5"},
				"down": {"uv": [1.3125, 1.5, 0, 2.8125], "texture": "#5"}
			}
		},
		{
			"from": [5.5, 13.5, 5.625],
			"to": [10.5, 15, 10.375],
			"faces": {
				"north": {"uv": [4.5, 6.75, 5.8125, 7.125], "texture": "#5"},
				"east": {"uv": [6, 6.75, 7.3125, 7.125], "texture": "#5"},
				"south": {"uv": [7, 0, 8.3125, 0.375], "texture": "#5"},
				"west": {"uv": [7, 0.5, 8.3125, 0.875], "texture": "#5"},
				"up": {"uv": [2.8125, 1.3125, 1.5, 0], "texture": "#5"},
				"down": {"uv": [2.8125, 1.5, 1.5, 2.8125], "texture": "#5"}
			}
		},
		{
			"from": [5.625, 11.4375, 5.75],
			"to": [10.375, 12.25, 10.25],
			"faces": {
				"north": {"uv": [6.25, 6, 7.5, 6.1875], "texture": "#5"},
				"east": {"uv": [7.25, 4.75, 8.5, 4.9375], "texture": "#5"},
				"south": {"uv": [7.5, 6.75, 8.75, 6.9375], "texture": "#5"},
				"west": {"uv": [7.5, 7, 8.75, 7.1875], "texture": "#5"},
				"up": {"uv": [1.25, 4.25, 0, 3], "texture": "#5"},
				"down": {"uv": [4.25, 0, 3, 1.25], "texture": "#5"}
			}
		},
		{
			"from": [5.5625, 12.25, 5.6875],
			"to": [10.4375, 13.5, 10.3125],
			"faces": {
				"north": {"uv": [7.25, 2.5, 8.5, 2.8125], "texture": "#5"},
				"east": {"uv": [3, 7.25, 4.25, 7.5625], "texture": "#5"},
				"south": {"uv": [7.25, 3, 8.5, 3.3125], "texture": "#5"},
				"west": {"uv": [7.25, 3.5, 8.5, 3.8125], "texture": "#5"},
				"up": {"uv": [2.5, 4.25, 1.25, 3], "texture": "#5"},
				"down": {"uv": [4.25, 1.25, 3, 2.5], "texture": "#5"}
			}
		},
		{
			"from": [5.6875, 10.8125, 5.8125],
			"to": [10.3125, 11.4375, 10.1875],
			"faces": {
				"north": {"uv": [3, 7.75, 4.1875, 7.9375], "texture": "#5"},
				"east": {"uv": [7.75, 5, 8.9375, 5.1875], "texture": "#5"},
				"south": {"uv": [7.75, 5.25, 8.9375, 5.4375], "texture": "#5"},
				"west": {"uv": [7.75, 5.5, 8.9375, 5.6875], "texture": "#5"},
				"up": {"uv": [4.9375, 4.9375, 3.75, 3.75], "texture": "#5"},
				"down": {"uv": [1.1875, 4.25, 0, 5.4375], "texture": "#5"}
			}
		},
		{
			"from": [5.8125, 9.9375, 5.9375],
			"to": [10.1875, 10.3125, 10.0625],
			"faces": {
				"north": {"uv": [8, 2.25, 9.125, 2.375], "texture": "#5"},
				"east": {"uv": [2.75, 8, 3.875, 8.125], "texture": "#5"},
				"south": {"uv": [4, 8, 5.125, 8.125], "texture": "#5"},
				"west": {"uv": [8, 4, 9.125, 4.125], "texture": "#5"},
				"up": {"uv": [5.375, 1.125, 4.25, 0], "texture": "#5"},
				"down": {"uv": [2.375, 4.25, 1.25, 5.375], "texture": "#5"}
			}
		},
		{
			"from": [5.875, 9.75, 6],
			"to": [10.125, 9.9375, 10],
			"faces": {
				"north": {"uv": [8, 4.25, 9.125, 4.3125], "texture": "#5"},
				"east": {"uv": [8, 4.5, 9.125, 4.5625], "texture": "#5"},
				"south": {"uv": [5.25, 8, 6.375, 8.0625], "texture": "#5"},
				"west": {"uv": [6.5, 8, 7.625, 8.0625], "texture": "#5"},
				"up": {"uv": [5.375, 2.375, 4.25, 1.25], "texture": "#5"},
				"down": {"uv": [3.625, 4.25, 2.5, 5.375], "texture": "#5"}
			}
		},
		{
			"from": [7, 8.125, 7.125],
			"to": [9, 8.1875, 8.875],
			"faces": {
				"north": {"uv": [3, 8.75, 3.5625, 8.8125], "texture": "#5"},
				"east": {"uv": [3.75, 8.75, 4.3125, 8.8125], "texture": "#5"},
				"south": {"uv": [4.5, 8.75, 5.0625, 8.8125], "texture": "#5"},
				"west": {"uv": [5.25, 8.75, 5.8125, 8.8125], "texture": "#5"},
				"up": {"uv": [7.0625, 7.8125, 6.5, 7.25], "texture": "#5"},
				"down": {"uv": [7.8125, 7.25, 7.25, 7.8125], "texture": "#5"}
			}
		},
		{
			"from": [7, 8.125, 7.125],
			"to": [9, 8.1875, 8.875],
			"faces": {
				"north": {"uv": [6, 8.75, 6.5625, 8.8125], "texture": "#5"},
				"east": {"uv": [6.75, 8.75, 7.3125, 8.8125], "texture": "#5"},
				"south": {"uv": [8.75, 6.75, 9.3125, 6.8125], "texture": "#5"},
				"west": {"uv": [8.75, 7, 9.3125, 7.0625], "texture": "#5"},
				"up": {"uv": [0.5625, 8.0625, 0, 7.5], "texture": "#5"},
				"down": {"uv": [1.3125, 7.5, 0.75, 8.0625], "texture": "#5"}
			}
		},
		{
			"from": [6.9375, 8.1875, 7.0625],
			"to": [9.0625, 8.25, 8.9375],
			"faces": {
				"north": {"uv": [7.5, 8.75, 8.0625, 8.8125], "texture": "#5"},
				"east": {"uv": [8.25, 8.75, 8.8125, 8.8125], "texture": "#5"},
				"south": {"uv": [8.75, 8.5, 9.3125, 8.5625], "texture": "#5"},
				"west": {"uv": [0, 9, 0.5625, 9.0625], "texture": "#5"},
				"up": {"uv": [8.0625, 6.5625, 7.5, 6], "texture": "#5"},
				"down": {"uv": [8.3125, 1, 7.75, 1.5625], "texture": "#5"}
			}
		},
		{
			"from": [6.875, 8.25, 7],
			"to": [9.125, 8.3125, 9],
			"faces": {
				"north": {"uv": [5.75, 8.5, 6.375, 8.5625], "texture": "#5"},
				"east": {"uv": [6.5, 8.5, 7.125, 8.5625], "texture": "#5"},
				"south": {"uv": [7.25, 8.5, 7.875, 8.5625], "texture": "#5"},
				"west": {"uv": [8, 8.5, 8.625, 8.5625], "texture": "#5"},
				"up": {"uv": [7.875, 4.625, 7.25, 4], "texture": "#5"},
				"down": {"uv": [4.875, 7.25, 4.25, 7.875], "texture": "#5"}
			}
		},
		{
			"from": [6.8125, 8.3125, 6.9375],
			"to": [9.1875, 8.4375, 9.0625],
			"faces": {
				"north": {"uv": [0, 8.75, 0.625, 8.8125], "texture": "#5"},
				"east": {"uv": [0.75, 8.75, 1.375, 8.8125], "texture": "#5"},
				"south": {"uv": [1.5, 8.75, 2.125, 8.8125], "texture": "#5"},
				"west": {"uv": [2.25, 8.75, 2.875, 8.8125], "texture": "#5"},
				"up": {"uv": [5.625, 7.875, 5, 7.25], "texture": "#5"},
				"down": {"uv": [6.375, 7.25, 5.75, 7.875], "texture": "#5"}
			}
		},
		{
			"from": [6.75, 8.4375, 6.875],
			"to": [9.25, 8.5625, 9.125],
			"faces": {
				"north": {"uv": [8.5, 3, 9.1875, 3.0625], "texture": "#5"},
				"east": {"uv": [8.5, 3.25, 9.1875, 3.3125], "texture": "#5"},
				"south": {"uv": [3.5, 8.5, 4.1875, 8.5625], "texture": "#5"},
				"west": {"uv": [8.5, 3.5, 9.1875, 3.5625], "texture": "#5"},
				"up": {"uv": [7.6875, 1.6875, 7, 1], "texture": "#5"},
				"down": {"uv": [2.1875, 7.25, 1.5, 7.9375], "texture": "#5"}
			}
		},
		{
			"from": [6.6875, 8.5625, 6.8125],
			"to": [9.3125, 8.6875, 9.1875],
			"faces": {
				"north": {"uv": [8.5, 3.75, 9.1875, 3.8125], "texture": "#5"},
				"east": {"uv": [4.25, 8.5, 4.9375, 8.5625], "texture": "#5"},
				"south": {"uv": [8.5, 4.75, 9.1875, 4.8125], "texture": "#5"},
				"west": {"uv": [5, 8.5, 5.6875, 8.5625], "texture": "#5"},
				"up": {"uv": [7.9375, 2.4375, 7.25, 1.75], "texture": "#5"},
				"down": {"uv": [2.9375, 7.25, 2.25, 7.9375], "texture": "#5"}
			}
		},
		{
			"from": [6.5625, 8.6875, 6.6875],
			"to": [9.4375, 8.8125, 9.3125],
			"faces": {
				"north": {"uv": [2, 8.5, 2.75, 8.5625], "texture": "#5"},
				"east": {"uv": [8.5, 2.5, 9.25, 2.5625], "texture": "#5"},
				"south": {"uv": [2.75, 8.5, 3.5, 8.5625], "texture": "#5"},
				"west": {"uv": [8.5, 2.75, 9.25, 2.8125], "texture": "#5"},
				"up": {"uv": [2.25, 7.25, 1.5, 6.5], "texture": "#5"},
				"down": {"uv": [3, 6.5, 2.25, 7.25], "texture": "#5"}
			}
		},
		{
			"from": [6.4375, 8.8125, 6.5625],
			"to": [9.5625, 8.9375, 9.4375],
			"faces": {
				"north": {"uv": [1, 8.5, 1.8125, 8.5625], "texture": "#5"},
				"east": {"uv": [8.5, 1, 9.3125, 1.0625], "texture": "#5"},
				"south": {"uv": [8.5, 1.25, 9.3125, 1.3125], "texture": "#5"},
				"west": {"uv": [8.5, 1.5, 9.3125, 1.5625], "texture": "#5"},
				"up": {"uv": [4.3125, 7.0625, 3.5, 6.25], "texture": "#5"},
				"down": {"uv": [7.0625, 4, 6.25, 4.8125], "texture": "#5"}
			}
		},
		{
			"from": [6.3125, 8.9375, 6.4375],
			"to": [9.6875, 9.0625, 9.5625],
			"faces": {
				"north": {"uv": [8.5, 0, 9.375, 0.0625], "texture": "#5"},
				"east": {"uv": [8.5, 0.25, 9.375, 0.3125], "texture": "#5"},
				"south": {"uv": [8.5, 0.5, 9.375, 0.5625], "texture": "#5"},
				"west": {"uv": [8.5, 0.75, 9.375, 0.8125], "texture": "#5"},
				"up": {"uv": [7.125, 2.875, 6.25, 2], "texture": "#5"},
				"down": {"uv": [7.125, 3, 6.25, 3.875], "texture": "#5"}
			}
		},
		{
			"from": [6.1875, 9.0625, 6.3125],
			"to": [9.8125, 9.1875, 9.6875],
			"faces": {
				"north": {"uv": [8.25, 6.5, 9.1875, 6.5625], "texture": "#5"},
				"east": {"uv": [7, 8.25, 7.9375, 8.3125], "texture": "#5"},
				"south": {"uv": [8, 8.25, 8.9375, 8.3125], "texture": "#5"},
				"west": {"uv": [0, 8.5, 0.9375, 8.5625], "texture": "#5"},
				"up": {"uv": [6.9375, 0.9375, 6, 0], "texture": "#5"},
				"down": {"uv": [6.9375, 1, 6, 1.9375], "texture": "#5"}
			}
		},
		{
			"from": [6.0625, 9.1875, 6.1875],
			"to": [9.9375, 9.375, 9.8125],
			"faces": {
				"north": {"uv": [5, 8.25, 6, 8.3125], "texture": "#5"},
				"east": {"uv": [6, 8.25, 7, 8.3125], "texture": "#5"},
				"south": {"uv": [8.25, 6, 9.25, 6.0625], "texture": "#5"},
				"west": {"uv": [8.25, 6.25, 9.25, 6.3125], "texture": "#5"},
				"up": {"uv": [2.5, 6.5, 1.5, 5.5], "texture": "#5"},
				"down": {"uv": [3.5, 5.5, 2.5, 6.5], "texture": "#5"}
			}
		},
		{
			"from": [6, 9.375, 6.125],
			"to": [10, 9.5625, 9.875],
			"faces": {
				"north": {"uv": [8, 7.25, 9.0625, 7.3125], "texture": "#5"},
				"east": {"uv": [8, 7.5, 9.0625, 7.5625], "texture": "#5"},
				"south": {"uv": [7.75, 8, 8.8125, 8.0625], "texture": "#5"},
				"west": {"uv": [8, 7.75, 9.0625, 7.8125], "texture": "#5"},
				"up": {"uv": [6.0625, 3.5625, 5, 2.5], "texture": "#5"},
				"down": {"uv": [4.8125, 5, 3.75, 6.0625], "texture": "#5"}
			}
		},
		{
			"from": [5.9375, 9.5625, 6.0625],
			"to": [10.0625, 9.75, 9.9375],
			"faces": {
				"north": {"uv": [0, 8.25, 1.0625, 8.3125], "texture": "#5"},
				"east": {"uv": [1.25, 8.25, 2.3125, 8.3125], "texture": "#5"},
				"south": {"uv": [2.5, 8.25, 3.5625, 8.3125], "texture": "#5"},
				"west": {"uv": [3.75, 8.25, 4.8125, 8.3125], "texture": "#5"},
				"up": {"uv": [6.0625, 4.8125, 5, 3.75], "texture": "#5"},
				"down": {"uv": [6.0625, 5, 5, 6.0625], "texture": "#5"}
			}
		}
	],
	"display": {
		"thirdperson_righthand": {
			"translation": [0, 0.5, -0.25],
			"scale": [0.75, 0.75, 0.75]
		},
		"thirdperson_lefthand": {
			"translation": [0, 0.5, -0.25],
			"scale": [0.75, 0.75, 0.75]
		},
		"firstperson_righthand": {
			"translation": [1.25, 2, 0.5],
			"scale": [0.75, 0.75, 0.75]
		},
		"firstperson_lefthand": {
			"translation": [1.25, 2, 0.5],
			"scale": [0.75, 0.75, 0.75]
		},
		"ground": {
			"translation": [0, 4, 0]
		},
		"gui": {
			"translation": [0, -0.5, 0],
			"scale": [0.9, 0.9, 0.9]
		},
		"head": {
			"translation": [0, 22.25, 0],
			"scale": [2, 2, 2]
		},
		"fixed": {
			"translation": [0, 0, 0.75]
		}
	},
	"groups": [
		0,
		{
			"name": "Fuß",
			"origin": [0, 0, 0],
			"color": 0,
			"children": [1, 2, 3, 4, 5, 6, 7, 8, 9, 10, 11, 12, 13, 14]
		},
		{
			"name": "Kopf",
			"origin": [0, 0, 0],
			"color": 0,
			"children": [
				{
					"name": "group",
					"origin": [0, 0, 0],
					"color": 0,
					"children": [15, 16, 17, 18, 19, 20, 21, 22]
				},
				{
					"name": "group",
					"origin": [0, 0, 0],
					"color": 0,
					"children": [23, 24, 25, 26, 27, 28, 29, 30, 31, 32, 33, 34, 35, 36]
				}
			]
		},
		{
			"name": "Alk",
			"origin": [8, 8, 8],
			"color": 0,
			"children": [37, 38, 39, 40, 41, 42, 43, 44, 45, 46, 47, 48, 49, 50, 51, 52, 53, 54, 55, 56, 57, 58, 59]
		}
	]
}